ID,Asm-Len,Zip-Asm-Len,Asm-Zip-Ratio,Byte-Len,Zip-Byte-Len,Byte-Zip-Ratio
0AnoOZDNbPXIr2MRBSCJ,918609,131341,6.99408,409367,127820,3.20268
0AnoOZDNbPXIr2MRBSCt,918609,131341,6.99408,409367,127820,3.20268
0AnoOZDNbPXIr2MRBSCh,918609,131341,6.99408,409367,127820,3.20268
0AnoOZDNbPXIr2MRBSCL,918609,131341,6.99408,409367,127820,3.20268
0AnoOZDNbPXIr2MRBSCm,918609,131341,6.99408,409367,127820,3.20268
0gkj92oIleU4SYiCWpaM,466313,63143,7.38503,395327,132182,2.99078
0gkj92oIleU4SYiCWpaN,466313,63143,7.38503,395327,132182,2.99078
0gkj92oIleU4SYiCWpaO,466313,63143,7.38503,395327,132182,2.99078
0gkj92oIleU4SYiCWpaP,466313,63143,7.38503,395327,132182,2.99078
0gkj92oIleU4SYiCWpaQ,466313,63143,7.38503,395327,132182,2.99078
0gkj92oIleU4SYiCWpaR,466313,63143,7.38503,395327,132182,2.99078
0giIqhw6e4mrHYzKFl8T,961007,222166,4.32563,353903,90966,3.8905
