ID,Asm-Size,Byte-Size,Ratio
0AnoOZDNbPXIr2MRBSCJ,918609,583680,1.57382
0AnoOZDNbPXIr2MRBSCt,918609,583680,1.57382
0AnoOZDNbPXIr2MRBSCh,918609,583680,1.57382
0AnoOZDNbPXIr2MRBSCL,918609,583680,1.57382
0AnoOZDNbPXIr2MRBSCm,918609,583680,1.57382
0gkj92oIleU4SYiCWpaM,466313,525312,0.88769
0gkj92oIleU4SYiCWpaN,466313,525312,0.88769
0gkj92oIleU4SYiCWpaO,466313,525312,0.88769
0gkj92oIleU4SYiCWpaP,466313,525312,0.88769
0gkj92oIleU4SYiCWpaQ,466313,525312,0.88769
0gkj92oIleU4SYiCWpaR,466313,525312,0.88769
0giIqhw6e4mrHYzKFl8T,961007,452352,2.12447
