ID,data-Ratio,text-Virtual,data-Virtual,text-Ratio,text-Raw,idata-Raw,data-Raw,bss-Virtual,bss-Ratio,rdata-Virtual,bss-Raw,idata-Ratio,idata-Virtual,rdata-Raw,rdata-Ratio
0AnoOZDNbPXIr2MRBSCJ,0.14214,27051,21612,1.00314,27136,4096,3072,0,0.0,0,0,1.03591,3954,0,0.0
0AnoOZDNbPXIr2MRBSCt,0.14214,27051,21612,1.00314,27136,4096,3072,0,0.0,0,0,1.03591,3954,0,0.0
0AnoOZDNbPXIr2MRBSCh,0.14214,27051,21612,1.00314,27136,4096,3072,0,0.0,0,0,1.03591,3954,0,0.0
0AnoOZDNbPXIr2MRBSCL,0.14214,27051,21612,1.00314,27136,4096,3072,0,0.0,0,0,1.03591,3954,0,0.0
0AnoOZDNbPXIr2MRBSCm,0.14214,27051,21612,1.00314,27136,4096,3072,0,0.0,0,0,1.03591,3954,0,0.0
0gkj92oIleU4SYiCWpaM,0.43836,17033,1168,1.02202,17408,3072,512,0,0.0,7128,0,1.01086,3039,7168,1.00561
0gkj92oIleU4SYiCWpaN,0.43836,17033,1168,1.02202,17408,3072,512,0,0.0,7128,0,1.01086,3039,7168,1.00561
0gkj92oIleU4SYiCWpaO,0.43836,17033,1168,1.02202,17408,3072,512,0,0.0,7128,0,1.01086,3039,7168,1.00561
0gkj92oIleU4SYiCWpaP,0.43836,17033,1168,1.02202,17408,3072,512,0,0.0,7128,0,1.01086,3039,7168,1.00561
0gkj92oIleU4SYiCWpaQ,0.43836,17033,1168,1.02202,17408,3072,512,0,0.0,7128,0,1.01086,3039,7168,1.00561
0gkj92oIleU4SYiCWpaR,0.43836,17033,1168,1.02202,17408,3072,512,0,0.0,7128,0,1.01086,3039,7168,1.00561
0giIqhw6e4mrHYzKFl8T,0.0,78693,0,1.00197,78848,10752,0,4156,1.72474,0,7168,1.01607,10582,0,0.0
