ID,Executable-Virtual,Executable-Raw,Executable-Ratio,Writable-Virtual,Writable-Raw,Writable-Ratio,Readable-Virtual,Readable-Raw,Readable-Ratio
0AnoOZDNbPXIr2MRBSCJ,27051,27136,1.00314,21612,3072,0.14214,52617,34304,0.65196
0AnoOZDNbPXIr2MRBSCt,27051,27136,1.00314,21612,3072,0.14214,52617,34304,0.65196
0AnoOZDNbPXIr2MRBSCh,27051,27136,1.00314,21612,3072,0.14214,52617,34304,0.65196
0AnoOZDNbPXIr2MRBSCL,27051,27136,1.00314,21612,3072,0.14214,52617,34304,0.65196
0AnoOZDNbPXIr2MRBSCm,27051,27136,1.00314,21612,3072,0.14214,52617,34304,0.65196
0gkj92oIleU4SYiCWpaM,17033,17408,1.02202,4207,3584,0.85191,28368,28160,0.99267
0gkj92oIleU4SYiCWpaN,17033,17408,1.02202,4207,3584,0.85191,28368,28160,0.99267
0gkj92oIleU4SYiCWpaO,17033,17408,1.02202,4207,3584,0.85191,28368,28160,0.99267
0gkj92oIleU4SYiCWpaP,17033,17408,1.02202,4207,3584,0.85191,28368,28160,0.99267
0gkj92oIleU4SYiCWpaQ,17033,17408,1.02202,4207,3584,0.85191,28368,28160,0.99267
0gkj92oIleU4SYiCWpaR,17033,17408,1.02202,4207,3584,0.85191,28368,28160,0.99267
0giIqhw6e4mrHYzKFl8T,78693,78848,1.00197,14738,17920,1.2159,93431,96768,1.03572
